<?xml version="1.0" encoding="UTF-8"?>
<project-private xmlns="http://www.netbeans.org/ns/project-private/1">
    <editor-bookmarks xmlns="http://www.netbeans.org/ns/editor-bookmarks/2" lastBookmarkId="0"/>
    <open-files xmlns="http://www.netbeans.org/ns/projectui-open-files/2">
        <group>
            <file>file:/C:/Users/SIO%2310/Desktop/Formation/Cour-Prog%20Java/PremièreAppli/ev_maquaire_judicael/src/ev_maquaire_judicael/Loc_voitures.java</file>
            <file>file:/C:/Users/SIO%2310/Desktop/Formation/Cour-Prog%20Java/PremièreAppli/ev_maquaire_judicael/src/ev_maquaire_judicael/Tables.java</file>
            <file>file:/C:/Users/SIO%2310/Desktop/Formation/Cour-Prog%20Java/PremièreAppli/ev_maquaire_judicael/src/ev_maquaire_judicael/Ev_maquaire_judicael.java</file>
        </group>
    </open-files>
</project-private>
